,آب,آن,آید,از,است,اندر,او,اول,اگر,ای,این,با,باد,بار,باز,باشد,بدین,بر,به,بود,بی,تا,ترک,تو,تیر,جان,جمال,حال,حسن,خواب,خود,خوش,خویش,دارد,در,درد,دست,دل,دوست,دوستان,دگر,دیده,دیگر,را,روز,روی,ساقی,سخن,سر,سرو,سعدی,شب,شکر,صبر,صورت,عشق,عقل,عمر,عهد,غزل,غم,فراق,ما,مرا,ملامت,من,مگر,میان,میرود,نباشد,نظر,نه,نیست,هر,هزار,هم,همه,همچنان,هیچ,ور,پای,پیر,پیش,چشم,چنین,چه,چو,چون,کز,کسی,کمان,کمند,کن,کند,که,گر,گل,گه,یا,یار
001.txt,0.0,0.1348593277722693,0.0,0.48268726984716004,0.0,0.0,0.0,0.29335300393823915,0.0,0.0,0.0,0.0801586698197655,0.0,0.0,0.0,0.0,0.0,0.23641281224320546,0.20771668227834036,0.0,0.0,0.0,0.0,0.13043915681921045,0.0,0.0,0.0,0.0,0.0,0.0,0.41162608424356206,0.0,0.0,0.0,0.16089575661572,0.0,0.0,0.0,0.0,0.0,0.0,0.0,0.0,0.06309972609317223,0.0,0.0,0.0,0.12920377780168682,0.0,0.0,0.06521957840960523,0.0,0.1161532279888899,0.0,0.12920377780168682,0.0,0.0,0.0,0.0,0.05192917056958509,0.0,0.0,0.0801586698197655,0.0,0.0,0.0,0.0,0.0,0.0,0.0,0.0,0.22136388759999034,0.0,0.07735100386419784,0.0,0.0,0.41563429420773557,0.0,0.0,0.12920377780168682,0.0,0.0,0.0,0.0,0.0,0.0,0.0,0.0,0.0,0.0,0.0,0.0,0.0,0.09320921963256242,0.16617719499434014,0.0,0.0,0.0,0.0,0.0
002.txt,0.0,0.1173163159653773,0.0,0.23327637932583065,0.0,0.255192534828041,0.0919784729288202,0.0,0.08443196711308791,0.2641434557738035,0.0,0.0697313266444567,0.255192534828041,0.11239646134154854,0.0,0.0,0.0,0.10282966939529112,0.271044165042062,0.06728889250356564,0.0,0.06066622312779858,0.0,0.0,0.0,0.0,0.0,0.0,0.0,0.0,0.0,0.0,0.0,0.0,0.13996582759549836,0.11239646134154854,0.13457778500713127,0.0,0.33718938402464566,0.0,0.11239646134154854,0.0,0.0,0.0,0.10636431053807896,0.0,0.0,0.0,0.225156182211172,0.0,0.05673556879024621,0.10104357644547833,0.0,0.0,0.11239646134154854,0.07796752566618775,0.0,0.0,0.11936006839228946,0.045174027507010335,0.0,0.0,0.0,0.0,0.0,0.0,0.0,0.0,0.10636431053807896,0.08443196711308791,0.0,0.0,0.0,0.06728889250356564,0.0,0.0,0.1446268048070392,0.0,0.0,0.11239646134154854,0.0,0.0,0.0,0.0,0.0,0.1501041214741147,0.1839569458576404,0.0,0.0,0.0,0.0,0.0,0.0,0.24325263462158078,0.19274698197237472,0.07505206073705735,0.0,0.0,0.30313072933643503,0.11239646134154854
003.txt,0.0,0.0,0.0981174860447348,0.1901747971096576,0.09372995391907235,0.0,0.0,0.0,0.08603974533183056,0.0,0.0,0.0710591709666531,0.0,0.0,0.0,0.0,0.0,0.0,0.32223971188273426,0.06857022728030542,0.0,0.0,0.0,0.578159440894117,0.0,0.0,0.11453674764053588,0.0,0.1083897308567321,0.0,0.0,0.1962349720894696,0.0,0.0,0.0950873985548288,0.11453674764053588,0.06857022728030542,0.0,0.0,0.0,0.11453674764053588,0.0,0.0,0.05593673441045661,0.0,0.3684520768385934,0.0,0.0,0.0764812240344512,0.0,0.0,0.0,0.0,0.0,0.0,0.0,0.0,0.0,0.0,0.04603424455467633,0.0,0.0,0.2131775128999593,0.0,0.0,0.0,0.0,0.0,0.0,0.08603974533183056,0.0,0.0,0.0,0.20571068184091623,0.0,0.0,0.07369041536771867,0.0,0.11453674764053588,0.0,0.0,0.0,0.1083897308567321,0.0,0.0,0.0,0.0,0.0794522060996953,0.0,0.0,0.0,0.22907349528107177,0.0,0.0,0.14731299479410712,0.1529624480689024,0.0,0.0,0.10296767778893401,0.0
004.txt,0.08301205065342082,0.0,0.0,0.15331801425133762,0.0,0.0,0.0,0.0,0.20809449677015843,0.0,0.0,0.05728756466437317,0.0,0.0,0.0,0.16602410130684164,0.0,0.042239705010453495,0.2969007069265334,0.11056198027457177,0.0,0.049840155746604185,0.0,0.23305469164622583,0.0,0.0,0.09233897958060064,0.19611982061468097,0.08738328397221248,0.0,0.0,0.0,0.12378439629638814,0.0,0.11498851068850321,0.0,0.0,0.059408861348858165,0.0,0.20965267038969876,0.0,0.0,0.0,0.5411511414041197,0.0,0.11881772269771633,0.0,0.0,0.0,0.09233897958060064,0.04661093832924516,0.0,0.0,0.0,0.0,0.06405398955188206,0.0,0.0,0.0,0.03711258836581668,0.0,0.0,0.05728756466437317,0.0,0.09233897958060064,0.10313326787526664,0.0,0.0,0.0,0.0,0.19611982061468097,0.0,0.0,0.0,0.0,0.11310776996126014,0.059408861348858165,0.0,0.0,0.0,0.0,0.0,0.0,0.06661449359155298,0.0,0.06165879798316483,0.07556464173565185,0.0,0.0,0.09233897958060064,0.0,0.0,0.0,0.13322898718310597,0.39587677895136425,0.0,0.0,0.0,0.0,0.09233897958060064
005.txt,0.0,0.049167028435013665,0.0,0.07821252333845916,0.0,0.0,0.0,0.0,0.0,0.0,0.06796445492919002,0.0,0.0,0.0,0.09421025481921438,0.0,0.0,0.043095704442453024,0.11359405603650675,0.16920382457593225,0.08070487029634962,0.05085018043781126,0.0,0.33288865418634045,0.0,0.0,0.0,0.0,0.0,0.0,0.0,0.08070487029634962,0.0,0.0,0.07821252333845916,0.0,0.11280254971728818,0.12122559706889276,0.09421025481921438,0.0,0.09421025481921438,0.0,0.0,0.5521177205872174,0.08915413065374012,0.06061279853444638,0.0,0.0,0.0,0.09421025481921438,0.04755552202662006,0.33877725227829236,0.0,0.0,0.0,0.06535206155925394,0.0,0.0,0.0,0.037864685345502254,0.0,0.20009424361333758,0.05844851317954873,0.0,0.09421025481921438,0.052611646192094325,0.0,0.0,0.0,0.0,0.10004712180666879,0.08070487029634962,0.0,0.05640127485864409,0.10004712180666879,0.0,0.06061279853444638,0.09421025481921438,0.0,0.0,0.08070487029634962,0.106950670186374,0.08915413065374012,0.13592890985838005,0.09421025481921438,0.1258166615274315,0.07709598032783563,0.06535206155925394,0.0,0.0,0.0,0.0,0.0,0.0,0.36350939930538173,0.0,0.0,0.0,0.0,0.0
006.txt,0.0,0.03881723895021879,0.0637162817126625,0.12349716075850899,0.0,0.0,0.0,0.0,0.0,0.0,0.053657757466363164,0.0,0.08443727133108703,0.07437874708478769,0.0,0.0,0.0,0.034023944710870536,0.26904662068331486,0.0,0.0,0.08029216601223756,0.07898693813851652,0.1126348767050024,0.0,0.0,0.0,0.0,0.0,0.0,0.0,0.0,0.0,0.0,0.030874290189627247,0.14875749416957537,0.0890573147481837,0.0,0.0,0.0,0.0,0.07898693813851652,0.0,0.6175185974973617,0.0,0.0,0.0,0.0,0.3476617256439474,0.0,0.037544958901667466,0.0,0.0,0.0,0.14875749416957537,0.05159527980805177,0.07898693813851652,0.07437874708478769,0.2369608144155496,0.02989406896481276,0.0,0.0,0.23072473307740635,0.0,0.07437874708478769,0.16614702224700972,0.0,0.0,0.07038695042470271,0.05587314629676895,0.0,0.0,0.0,0.0,0.0,0.0,0.09570728836146399,0.0,0.07437874708478769,0.0,0.0,0.0,0.21116085127410814,0.053657757466363164,0.07437874708478769,0.09933192161255638,0.0,0.05159527980805177,0.0,0.0,0.0,0.0,0.07898693813851652,0.053657757466363164,0.19132647308060532,0.09933192161255638,0.0,0.0,0.0,0.0
007.txt,0.08721670236858366,0.10126266876600552,0.08310844491471063,0.1610837403900483,0.0,0.0,0.0,0.0,0.0,0.1519985863212445,0.0,0.0,0.0,0.0,0.0,0.08721670236858366,0.0,0.08875838510277015,0.11697714541987914,0.11616206624201943,0.16621688982942126,0.05236461448114221,0.0,0.1469155009441268,0.0,0.13459678922018412,0.0,0.20605350534640446,0.0,0.0,0.10302675267320223,0.0,0.0,0.09180934346524082,0.12081280529253623,0.0,0.0,0.0,0.0,0.11013590442729063,0.0,0.0,0.10302675267320223,0.6633212159224064,0.0,0.06241798555191209,0.0,0.0,0.0,0.0,0.04897183364804227,0.0,0.0,0.0,0.0,0.0,0.0,0.0,0.0,0.03899238180662638,0.0,0.0,0.12037848571200734,0.0,0.0,0.16253562207728459,0.0,0.0,0.0,0.07287823734217953,0.10302675267320223,0.16621688982942126,0.0,0.05808103312100971,0.0,0.0,0.0,0.0,0.0,0.0,0.0,0.0,0.0,0.20996577299114033,0.0,0.19434565185798255,0.0,0.06729839461009206,0.11013590442729063,0.0,0.0,0.0,0.10302675267320223,0.0,0.12477851203286193,0.06478188395266085,0.0,0.20605350534640446,0.08721670236858366,0.0
008.txt,0.2564175472982253,0.14885637987159664,0.0,0.11839675342769732,0.0,0.0,0.2334131001921766,0.10793337252984023,0.0,0.074479435778596,0.06858893749685353,0.05898555975226836,0.0,0.0,0.0,0.0,0.0,0.1304750511778221,0.07642520017872617,0.0569195106479242,0.08144641651603349,0.1026348214338376,0.0,0.0,0.0,0.06595254048970584,0.0,0.0,0.0,0.2019327835848055,0.0,0.16289283303206697,0.0,0.0,0.15786233790359644,0.09507589351066026,0.0569195106479242,0.061169731362076624,0.0,0.10793337252984023,0.0,0.0,0.10096639179240274,0.6036233477733757,0.08997331180492366,0.0,0.21586674505968045,0.0,0.0,0.0,0.04799247976478927,0.08547251576607509,0.0,0.0,0.0,0.0,0.0,0.0,0.0,0.038212600089363086,0.0,0.10096639179240274,0.0,0.10096639179240274,0.0,0.21238024588210352,0.0,0.10793337252984023,0.0,0.0,0.0,0.0,0.0,0.0569195106479242,0.0,0.0,0.0,0.0,0.0,0.0,0.0,0.0,0.1799466236098473,0.06858893749685353,0.0,0.0,0.07780436673072554,0.06595254048970584,0.0,0.0,0.0,0.0,0.10096639179240274,0.06858893749685353,0.040761050912490784,0.12697271158223386,0.0,0.2019327835848055,0.0,0.09507589351066026
009.txt,0.09932686884719305,0.0,0.0,0.22931306619918948,0.09041577939687873,0.0,0.18083155879375745,0.12542843557860756,0.0,0.0,0.07970660905505172,0.0,0.0,0.0,0.0,0.0,0.0,0.05054130824010121,0.17762612383022386,0.06614566938038766,0.0,0.059635517665200886,0.0,0.055771644259251324,0.11048687078672957,0.0,0.11048687078672957,0.0,0.0,0.11733216772260702,0.0,0.0,0.0,0.0,0.09172522647967579,0.0,0.1322913387607753,0.0,0.0,0.0,0.0,0.0,0.0,0.6475065731500612,0.0,0.0,0.0,0.0,0.0,0.0,0.055771644259251324,0.0,0.09932686884719305,0.0,0.0,0.22992862491454719,0.23466433544521403,0.0,0.0,0.044406530957555965,0.0,0.0,0.0,0.0,0.0,0.24680524071855098,0.11733216772260702,0.0,0.0,0.0,0.23466433544521403,0.0,0.11733216772260702,0.0,0.0,0.0,0.0,0.0,0.0,0.0,0.0,0.0,0.0,0.15941321811010345,0.0,0.0737769431346653,0.0,0.07664287497151573,0.0,0.0,0.0,0.11048687078672957,0.0,0.0,0.09473612708766642,0.1475538862693306,0.0,0.0,0.0,0.0
010.txt,0.0,0.10665134040772575,0.0,0.16965577778902194,0.08361690652994454,0.0,0.0,0.0,0.0,0.16008715915536106,0.14742603832280118,0.3169610038400404,0.0,0.0,0.0,0.09185792085971349,0.0,0.046740821958335614,0.12320205963491018,0.12234360618985989,0.0,0.05515118643823912,0.0,0.051577859485975125,0.102178739253106,0.0,0.0,0.0,0.0,0.0,0.0,0.08753104334863335,0.0,0.0,0.12724183334176645,0.0,0.06117180309492994,0.0,0.0,0.0,0.0,0.10850929966938594,0.0,0.5988168986184996,0.09669495838735298,0.0,0.0,0.102178739253106,0.2046877148869427,0.0,0.0,0.0,0.09185792085971349,0.0,0.0,0.0,0.0,0.0,0.0,0.04106735321163673,0.0,0.0,0.0,0.0,0.0,0.05706164035172813,0.0,0.0,0.09669495838735298,0.0,0.0,0.0,0.10850929966938594,0.06117180309492994,0.0,0.0,0.06573954553819014,0.102178739253106,0.0,0.0,0.1750620866972667,0.34799029032101625,0.0,0.07371301916140059,0.0,0.06822923829564757,0.0,0.0708796645389609,0.0,0.0,0.19338991677470596,0.102178739253106,0.0,0.0,0.08761238288868647,0.06822923829564757,0.0,0.0,0.09185792085971349,0.0
011.txt,0.0,0.2849853744477527,0.0,0.09066818133853805,0.17874764875152216,0.0,0.08937382437576108,0.0,0.0,0.0,0.07878806693690414,0.0,0.0,0.0,0.0,0.0,0.0,0.0,0.13168436501055295,0.06538340406789661,0.0,0.1178965511975945,0.23196005435373435,0.11025785924587901,0.0,0.07575963944623285,0.0,0.0,0.0,0.0,0.0,0.37422977817847647,0.0,0.1033522834982896,0.09066818133853805,0.0,0.06538340406789661,0.0,0.0,0.0,0.0,0.0,0.0,0.6400446817678177,0.0,0.07026562977869173,0.12398299332158295,0.0,0.0,0.0,0.055128929622939506,0.0,0.0,0.0,0.0,0.0,0.0,0.0,0.0,0.04389478833685099,0.1033522834982896,0.0,0.0,0.0,0.0,0.06099026183851786,0.0,0.0,0.0,0.0,0.0,0.0,0.0,0.06538340406789661,0.0,0.0,0.0,0.0,0.0,0.0,0.0,0.0,0.0,0.07878806693690414,0.10921361571386796,0.0,0.0,0.07575963944623285,0.0,0.10921361571386796,0.1033522834982896,0.0,0.0,0.0,0.2809331526261832,0.07292673472132578,0.0,0.0,0.0981822220784809,0.0
012.txt,0.0,0.047644676001345365,0.0,0.07579083894878695,0.0,0.0,0.07470886731706554,0.0,0.0,0.0,0.3293004008763011,0.0,0.0,0.0,0.0,0.08207193385074868,0.0,0.041761337639599896,0.03669228592010278,0.0,0.0,0.09855142556649385,0.0,0.0,0.0,0.06332857400821208,0.0,0.0,0.0,0.0,0.09694937552807882,0.0,0.0,0.0,0.11368625842318042,0.0,0.0,0.0,0.18258646941815765,0.0,0.0,0.0,0.0,0.6241929983194571,0.08639366267159033,0.058736052180285,0.0,0.0,0.060960508137771735,0.0,0.0,0.16414386770149736,0.08207193385074868,0.09694937552807882,0.0,0.0,0.0,0.0,0.0,0.03669228592010278,0.0,0.0,0.05663877931693005,0.0,0.09129323470907882,0.20393055399172025,0.0,0.10363917021936085,0.08639366267159033,0.06857927107848359,0.0,0.0,0.48474687764039404,0.054654929375175625,0.0,0.0,0.058736052180285,0.09129323470907882,0.0,0.0,0.07820601568554222,0.0,0.0,0.0,0.0,0.0,0.0,0.0,0.0,0.0,0.0,0.09129323470907882,0.0,0.0,0.07827868980322542,0.060960508137771735,0.0,0.0,0.0,0.0
013.txt,0.0,0.016913240691876507,0.0,0.026904762692559512,0.0,0.0,0.0,0.0,0.0,0.05077465776093007,0.0,0.04021206092593703,0.0,0.03240791168631358,0.03240791168631358,0.0,0.0,0.029649464090943982,0.03907585371874452,0.019401789519856417,0.0,0.08746118774564632,0.0,0.0,0.0,0.0,0.0,0.034415768158171905,0.0,0.06883153631634381,0.0,0.027762119041483145,0.8688841487175756,0.0,0.1210714321165178,0.03240791168631358,0.0,0.06255160520691083,0.0,0.07358111663838005,0.03240791168631358,0.0,0.0,0.3323706016532552,0.0,0.041701070137940555,0.0,0.0,0.021640188020254685,0.03240791168631358,0.016358889602758164,0.0,0.02913446974067539,0.0,0.0,0.02248082062398663,0.0,0.0,0.0,0.01302528457291484,0.03066862729796155,0.0,0.10053015231484258,0.034415768158171905,0.0,0.054294521973330574,0.0,0.07358111663838005,0.0,0.0,0.0,0.0,0.0,0.058205368559569245,0.0,0.0,0.0,0.03240791168631358,0.0,0.06481582337262716,0.027762119041483145,0.0,0.0,0.0,0.0,0.0,0.0,0.0,0.0,0.06481582337262716,0.0,0.0,0.10324730447451573,0.0,0.06946979352159441,0.04328037604050937,0.034415768158171905,0.0,0.0,0.16203955843156792
014.txt,0.0,0.05816964768548182,0.0,0.0,0.0,0.0,0.0,0.0,0.0,0.0,0.4020446754873821,0.06915059802502473,0.0,0.0,0.0,0.0,0.0,0.10197329486725362,0.044797814233999075,0.06672850469041038,0.0,0.06016098948750387,0.0,0.0,0.0,0.0773182052571338,0.0,0.0,0.0,0.0,0.0,0.0,0.0,0.0,0.046266726625589165,0.0,0.0,0.0,0.0,0.0,0.0,0.0,0.0,0.4899090047192843,0.0,0.0,0.0,0.0,0.07442702057627587,0.0,0.05626306998487798,0.0,0.0,0.0,0.0,0.0,0.0,0.11146041372902106,0.0,0.044797814233999075,0.0,0.0,0.2766023921000989,0.0,0.0,0.0,0.0,0.0,0.0,0.0,0.0,0.0,0.0,0.0,0.0,0.5461199113574606,0.0,0.11146041372902106,0.0,0.0,0.09548215584853169,0.0,0.0,0.0,0.11146041372902106,0.0,0.0,0.0773182052571338,0.2530672689601527,0.0,0.0,0.0,0.0,0.0,0.0,0.07442702057627587,0.0,0.11836602724796726,0.20040415331313874,0.0
015.txt,0.0,0.09505023093644344,0.0,0.11340097178033443,0.0,0.10337909594697899,0.0,0.0,0.0684071768404801,0.0,0.3941688571861248,0.22598659518139821,0.20675819189395797,0.0,0.0,0.08186598084635827,0.0,0.08331308175433223,0.036600209540655695,0.0,0.0,0.19660823717106285,0.0,0.0,0.0,0.06316965597778684,0.0,0.0,0.0,0.0,0.0,0.07800976389597027,0.0,0.0,0.11340097178033443,0.0,0.0,0.11717731743780636,0.0,0.0,0.0,0.0,0.09670608876454169,0.5781533044198006,0.0,0.0,0.10337909594697899,0.09106414158202951,0.06080753258070771,0.18212828316405902,0.04596742466252428,0.0,0.0,0.09670608876454169,0.0,0.0,0.09670608876454169,0.0,0.0,0.036600209540655695,0.0,0.0,0.11299329759069911,0.0,0.09106414158202951,0.050854701612837366,0.0,0.0,0.2585305938951492,0.0684071768404801,0.0,0.0,0.0,0.054517777167576456,0.0,0.0,0.0,0.0,0.0,0.09106414158202951,0.07800976389597027,0.10337909594697899,0.0,0.0656948095310208,0.09106414158202951,0.0,0.0,0.0,0.20675819189395797,0.0,0.0,0.0,0.09670608876454169,0.0,0.11712338346558432,0.0,0.0,0.0,0.0,0.0
016.txt,0.0,0.09933477408347872,0.08152618038448793,0.07900846953353698,0.0,0.2160781523553377,0.0,0.0,0.07149074116065404,0.0,0.0,0.11808665353611356,0.0,0.19033801058737956,0.0,0.0,0.0,0.1306028308305547,0.11475006984128393,0.170925762887282,0.08152618038448793,0.20547067197971927,0.0,0.24019740399707193,0.0,0.0,0.0,0.0,0.0,0.0,0.0,0.0,0.0,0.0,0.03950423476676849,0.0,0.05697525429576067,0.12245927485621427,0.0,0.0,0.0,0.0,0.0,0.0,0.0,0.0,0.0,0.0,0.06354853062395292,0.0,0.048039480799414384,0.0,0.0,0.0,0.0,0.0,0.0,0.0,0.0,0.038250023280427974,0.09006142641713383,0.0,0.0,0.8085221790862098,0.0,0.0,0.0,0.0,0.0,0.0,0.0,0.0,0.0,0.05697525429576067,0.0,0.0,0.0,0.0,0.0,0.0,0.0,0.0,0.0,0.0,0.0,0.0,0.0,0.0,0.0,0.0,0.0,0.0,0.0,0.06865610950050888,0.04080096990760592,0.0,0.10106527238577623,0.0,0.0,0.0
017.txt,0.0,0.16906406665797996,0.0,0.10085209295793184,0.0,0.0,0.0,0.0,0.06083728251526484,0.0,0.17527519209915005,0.05024476586635665,0.0,0.0,0.0,0.0,0.0,0.03704685477464658,0.06510010764324169,0.09696974980804737,0.0,0.08742584785728308,0.0,0.12264209677360725,0.08098704206658097,0.056179342352841576,0.0,0.08600465499159768,0.07664058804977678,0.0,0.0,0.0,0.0,0.0,0.16808682159655308,0.08098704206658097,0.048484874904023686,0.0,0.0,0.0,0.08098704206658097,0.25801396497479306,0.0,0.593279112086933,0.0,0.05210527531320545,0.0,0.0,0.16223583004873746,0.0,0.040880698924535754,0.0,0.0,0.0,0.0,0.0,0.08600465499159768,0.0,0.0,0.03255005382162084,0.0,0.0,0.0,0.08600465499159768,0.0,0.18090861176535977,0.0,0.0,0.0,0.06083728251526484,0.0,0.06937725344455163,0.0,0.0,0.0,0.0,0.15631582593961635,0.0,0.0,0.0,0.06937725344455163,0.0,0.0,0.05842506403305001,0.0,0.21631444006498327,0.0,0.0,0.0,0.0,0.07664058804977678,0.0,0.0,0.23370025613220005,0.41665033981188593,0.0,0.0,0.0,0.0,0.0
018.txt,0.0,0.222280554304697,0.07297216803847416,0.10607793634032898,0.0,0.0,0.0,0.19340647591674562,0.0,0.0667300801622934,0.0,0.0,0.0,0.17036707996360248,0.08518353998180124,0.0,0.0,0.03896650815202836,0.06847339377685406,0.0,0.07297216803847416,0.18391196952893346,0.0,0.4299901024239476,0.17036707996360248,0.11818076406668328,0.0,0.0,0.08061186616742591,0.0,0.0,0.0,0.0,0.08061186616742591,0.035359312113443,0.0,0.20398884436372375,0.16441562833926743,0.0,0.0,0.0,0.0,0.0,0.5408181998651087,0.0,0.10961041889284495,0.19340647591674562,0.0,0.0,0.0,0.04299901024239476,0.0,0.0,0.0,0.08518353998180124,0.0,0.0,0.0,0.0,0.03423669688842703,0.08061186616742591,0.09046115008219205,0.0,0.0,0.0,0.0,0.0,0.0,0.0,0.0,0.0,0.07297216803847416,0.0,0.0,0.0,0.10434293608732456,0.0,0.0,0.08518353998180124,0.08518353998180124,0.0,0.09670323795837281,0.0,0.0,0.0,0.11376159249505456,0.0,0.0,0.09670323795837281,0.0,0.08061186616742591,0.0,0.0,0.061452470061902596,0.14607995704884255,0.0,0.0,0.09046115008219205,0.15315872815411907,0.08518353998180124
019.txt,0.0,0.09933071970707866,0.0,0.03950262239045195,0.0,0.0,0.0,0.0,0.0,0.0,0.0,0.0,0.0,0.0,0.09516512094430014,0.0,0.1010611473786072,0.04353250007991068,0.19124231047550838,0.0,0.0,0.0,0.2021222947572144,0.1921500802186395,0.1903302418886003,0.0,0.0,0.0,0.0,0.0,0.2021222947572144,0.0,0.0,0.0,0.03950262239045195,0.0,0.0,0.061227138323445514,0.0,0.0,0.0,0.0,0.0,0.6041898400798708,0.09005775053499496,0.12245427664689103,0.0,0.09516512094430014,0.0,0.0,0.048037520054659874,0.0,0.0,0.0,0.0,0.0660144360524256,0.0,0.09516512094430014,0.0,0.038248462095101673,0.0,0.0,0.0,0.1010611473786072,0.0,0.0,0.1010611473786072,0.0,0.0,0.0,0.0,0.16304570574157407,0.0,0.0,0.1010611473786072,0.0,0.061227138323445514,0.0,0.0,0.0,0.0,0.0,0.09005775053499496,0.13730661456465298,0.0,0.0,0.07787738507126399,0.0,0.0,0.09516512094430014,0.27017325160498484,0.09516512094430014,0.0,0.06865330728232649,0.40799304604684367,0.0,0.0,0.0,0.0,0.0
020.txt,0.07734286798604625,0.08979868545345325,0.073699707842651,0.03571184798708291,0.2112122058485455,0.0,0.0,0.0,0.06462766576511042,0.0,0.0,0.053375196928665616,0.0,0.0,0.08603282838398732,0.0,0.0,0.03935500813047815,0.03457804017614098,0.05150565837936971,0.0,0.0,0.0,0.08685542933894487,0.0,0.0,0.0,0.0,0.08141557452504052,0.0,0.0,0.0,0.0,0.08141557452504052,0.0,0.0,0.0,0.055351622858827845,0.25809848515196193,0.0,0.0,0.0913630567842337,0.0913630567842337,0.6302425515432125,0.16283114905008103,0.0,0.0,0.0,0.05744790346765989,0.08603282838398732,0.0,0.07734286798604625,0.0,0.0913630567842337,0.0,0.059679519044463544,0.0,0.0,0.0,0.03457804017614098,0.24424672357512153,0.0,0.0,0.0,0.0,0.1441349055852577,0.0913630567842337,0.0,0.0,0.12925533153022084,0.0,0.073699707842651,0.0,0.0,0.0,0.0,0.055351622858827845,0.0,0.0,0.17206565676797464,0.0,0.0,0.0,0.0,0.0,0.22979161387063957,0.07040406861618183,0.0,0.0,0.0,0.0,0.0,0.0,0.24826062930642673,0.1844204860147907,0.05744790346765989,0.0,0.0,0.23202860395813876,0.0
021.txt,0.0,0.0,0.0,0.10361523154308105,0.0,0.0,0.0,0.0,0.12500819624835025,0.0,0.1200515796975872,0.0,0.0,0.08320591937758151,0.0,0.0,0.1767220090207623,0.03806186190919306,0.23409300542842298,0.0996265202272656,0.0,0.0,0.08836100451038115,0.16800298181122134,0.0,0.11543708008629651,0.0,0.0,0.07874038151779332,0.0,0.0,0.0,0.0,0.0,0.2072304630861621,0.0,0.0498132601136328,0.05353285199986674,0.0,0.0,0.24961775813274453,0.0,0.0,0.6095337316817317,0.0,0.10706570399973347,0.0,0.0,0.055560251989005424,0.0,0.042000745452805334,0.0,0.07480149797418106,0.0,0.0,0.057718540043148255,0.0,0.08320591937758151,0.08836100451038115,0.03344185791834614,0.0,0.08836100451038115,0.051621368445393154,0.0,0.0,0.09293256662518702,0.08836100451038115,0.0,0.0,0.06250409812417512,0.0,0.0,0.0,0.0498132601136328,0.08836100451038115,0.0,0.1605985559996002,0.0,0.0,0.0,0.0,0.0,0.0,0.0,0.0,0.0,0.06809069708816008,0.0,0.0,0.08320591937758151,0.0,0.0,0.0,0.1200515796975872,0.4280656966645194,0.0,0.0,0.0,0.0,0.0
022.txt,0.0,0.05194191667627656,0.0,0.08262668092006387,0.08144712246657829,0.0,0.0,0.0,0.1495293528274929,0.15593304031624225,0.0,0.0,0.0,0.0,0.0,0.0,0.2113871604606701,0.04552793936314517,0.12000507619384024,0.0,0.0,0.05372006239436437,0.0,0.1507183802577216,0.0,0.06904040053224585,0.0,0.0,0.0941858105556091,0.0,0.0,0.08525969092973382,0.0,0.0941858105556091,0.12394002138009579,0.0,0.0,0.06403366302996051,0.09952729220433425,0.0,0.0,0.0,0.2113871604606701,0.6804911572430247,0.0,0.32016831514980254,0.0,0.0,0.06645875048339518,0.0,0.0,0.0,0.0,0.0,0.09952729220433425,0.06904040053224585,0.0,0.0,0.0,0.04000169206461341,0.0,0.0,0.06174722976063316,0.0,0.09952729220433425,0.2223237669385294,0.0,0.0,0.0,0.1495293528274929,0.0,0.0,0.0,0.05958444942459026,0.0,0.0,0.0,0.0,0.09952729220433425,0.0,0.0,0.0,0.0,0.07180023213212033,0.0,0.0,0.0,0.1380808010644917,0.0,0.0,0.0,0.0,0.0,0.07180023213212033,0.12800837967202533,0.06645875048339518,0.10569358023033505,0.0,0.0,0.0
023.txt,0.0,0.06405513992655168,0.0,0.1018958087547537,0.0,0.0,0.10044116890654659,0.0,0.27660098716186937,0.0,0.0,0.07614712154433771,0.0,0.0,0.0,0.22068065723456495,0.0,0.0,0.1479911108286805,0.0734799654992683,0.10514285536738768,0.0,0.13034207253434854,0.12391131677691808,0.0,0.0,0.0,0.0,0.0,0.0,0.13034207253434854,0.0,0.0,0.0,0.05094790437737685,0.0,0.0734799654992683,0.0,0.0,0.0,0.0,0.0,0.0,0.0,0.0,0.0,0.0,0.0,0.0,0.1227377624201378,0.06195565838845904,0.0,0.11034032861728248,0.0,0.0,0.0,0.0,0.0,0.0,0.04933037027622683,0.0,0.0,0.761471215443377,0.0,0.0,0.0,0.0,0.0,0.0,0.09220032905395646,0.0,0.0,0.0,0.0734799654992683,0.0,0.0,0.0,0.0,0.0,0.0,0.0,0.0,0.0,0.0,0.0,0.08195740230552513,0.0,0.0851411114503216,0.0,0.0,0.0,0.0,0.0,0.08854455534719305,0.31572168284686103,0.0,0.0,0.0,0.0,0.0
024.txt,0.0,0.05464298009698671,0.0896933323347407,0.30423190545643364,0.08568250416393972,0.0,0.0,0.0,0.0,0.08202090492315899,0.0,0.12991637054453845,0.0,0.0,0.0,0.3765083887065186,0.0,0.09579093124275888,0.1683273782101913,0.0,0.0896933323347407,0.11302718451915861,0.0,0.36996395113159003,0.10470287188135916,0.0,0.0,0.0,0.0,0.0,0.0,0.0,0.0,0.09908362457404875,0.2607702046769431,0.0,0.06268293687138526,0.20209055027505637,0.0,0.0,0.0,0.0,0.0,0.10226825638214447,0.0,0.0,0.0,0.10470287188135916,0.06991471266968835,0.0,0.052851993018798574,0.0,0.0,0.0,0.0,0.07263061268385093,0.0,0.0,0.22237963365503882,0.04208184455254783,0.09908362457404875,0.0,0.12991637054453845,0.0,0.0,0.05847124032610896,0.0,0.0,0.0,0.0,0.0,0.0,0.0,0.12536587374277053,0.0,0.0,0.2694540670334085,0.0,0.0,0.0,0.0896933323347407,0.0,0.09908362457404875,0.0,0.10470287188135916,0.0,0.0,0.07263061268385093,0.0,0.0,0.09908362457404875,0.0,0.0,0.0,0.1795533624287868,0.06991471266968835,0.22237963365503882,0.22237963365503882,0.0,0.10470287188135916
025.txt,0.09207355299678083,0.0,0.08773651834480514,0.08502701836308635,0.16762638654906148,0.0,0.0,0.0,0.3846830977327919,0.16046295621153903,0.0,0.06354101096964418,0.0,0.0,0.10241859902460726,0.0,0.10876402013290615,0.09370108766703766,0.20581878443252982,0.061315401017745616,0.0,0.0,0.0,0.3618925525504301,0.0,0.0,0.10241859902460726,0.10876402013290615,0.0,0.0,0.0,0.08773651834480514,0.0,0.09692194524189483,0.12754052754462952,0.0,0.061315401017745616,0.13178773204194022,0.10241859902460726,0.0,0.0,0.0,0.0,0.15005564826173642,0.0,0.13178773204194022,0.0,0.0,0.0,0.0,0.05169893607863287,0.0,0.0,0.2175280402658123,0.0,0.0,0.0,0.0,0.0,0.04116375688650597,0.19384389048378967,0.0,0.19062303290893254,0.0,0.0,0.05719558986134529,0.0,0.23253812074388358,0.0,0.0,0.10876402013290615,0.0,0.10876402013290615,0.0,0.10876402013290615,0.0,0.0,0.0,0.0,0.0,0.08773651834480514,0.0,0.0,0.0,0.0,0.27355761285903285,0.16762638654906148,0.0,0.0,0.0,0.0,0.0,0.0,0.0,0.3073631708895736,0.0,0.10876402013290615,0.0,0.0,0.0
026.txt,0.13470439866309247,0.0,0.0,0.06219762899296239,0.12261942145834151,0.0,0.0,0.0,0.0,0.35213802423156026,0.10809593584141623,0.0,0.0,0.0,0.0,0.0,0.0,0.0,0.4817834383607971,0.08970495819978368,0.1283592797254557,0.0,0.0,0.07563598741798726,0.0,0.0,0.0,0.0,0.0,0.31824539080610587,0.0,0.0,0.0,0.0,0.12439525798592478,0.0,0.08970495819978368,0.0,0.0,0.0,0.0,0.15912269540305293,0.0,0.14635513461579597,0.0,0.28920987544332627,0.0,0.0,0.10005428415794772,0.0,0.07563598741798726,0.26940879732618495,0.0,0.0,0.0,0.10394098298549523,0.0,0.0,0.15912269540305293,0.06022292979509964,0.0,0.15912269540305293,0.18592208934111926,0.0,0.0,0.08367763910145576,0.0,0.0,0.14179763815048055,0.0,0.0,0.0,0.0,0.0,0.0,0.0,0.19280658362888417,0.0,0.14983928983394906,0.0,0.0,0.0,0.0,0.0,0.0,0.0,0.0,0.10394098298549523,0.0,0.0,0.14179763815048055,0.0,0.0,0.0,0.06423927975947187,0.0,0.0,0.0,0.0,0.0
027.txt,0.2615769978866279,0.0,0.0,0.3623371447951768,0.0,0.0,0.23810967174048317,0.0,0.0,0.0,0.0,0.0,0.0,0.0,0.0,0.3923654968299418,0.0,0.13310037688842308,0.23388892027407046,0.0,0.0,0.23557492337158847,0.0,0.0,0.0,0.1009193855455749,0.14548341401329304,0.0,0.0,0.3089938960587418,0.0,0.0,0.0,0.0,0.3623371447951768,0.0,0.08709720652898748,0.0936008174546695,0.0,0.0,0.0,0.0,0.0,0.14210054429567176,0.0,0.187201634909339,0.0,0.14548341401329304,0.0,0.0,0.0,0.13078849894331396,0.0,0.0,0.14548341401329304,0.0,0.0,0.0,0.0,0.058472230068517615,0.0,0.0,0.0,0.0,0.0,0.1624902070283813,0.0,0.0,0.0,0.0,0.0,0.0,0.0,0.08709720652898748,0.0,0.0,0.0,0.0,0.0,0.0,0.0,0.0,0.0,0.0,0.0,0.09714567428933696,0.0,0.1009193855455749,0.0,0.0,0.0,0.0,0.0,0.0,0.12474364692357928,0.0,0.0,0.0,0.0,0.0
028.txt,0.0,0.08503573331706857,0.13958130166397736,0.20290607816948794,0.0,0.0,0.26667925362384054,0.0,0.0,0.1276414241150622,0.0,0.2021766349408174,0.1849741372934719,0.0,0.0,0.0,0.0,0.29814084330302065,0.3929281131273577,0.0,0.0,0.08794679118242574,0.0,0.16449717697113536,0.0,0.2260563900386477,0.0,0.0,0.0,0.0,0.0,0.0,0.0,0.0,0.20290607816948794,0.0,0.0,0.10483150875365596,0.0,0.0,0.0,0.0,0.0,0.0,0.0,0.0,0.0,0.0,0.0,0.0,0.08224858848556768,0.0,0.0,0.17303425974455675,0.0,0.11302819501932385,0.17303425974455675,0.16293923711758607,0.0,0.06548801885455961,0.0,0.0,0.0,0.0,0.0,0.09099329484343802,0.0,0.0,0.0,0.0,0.0,0.0,0.0,0.0,0.3460685194891135,0.0,0.0,0.0,0.0,0.0,0.0,0.0,0.0,0.11754640148809153,0.0,0.32640508539066354,0.13333962681192027,0.0,0.0,0.0,0.0,0.0,0.0,0.0,0.0,0.1088016951302212,0.0,0.0,0.0,0.0
029.txt,0.0,0.0,0.0,0.20576912497285363,0.10141580742979521,0.0,0.10141580742979521,0.0,0.09309500196079804,0.0,0.0894037541757689,0.07688602093090956,0.0,0.0,0.0,0.0,0.1316068567505721,0.05669018857017088,0.2988543076611826,0.0,0.10616311706287593,0.0,0.0,0.37534109899634616,0.0,0.08596728470213727,0.12392875763469276,0.0,0.0,0.0,0.0,0.0,0.0,0.0,0.25721140621606703,0.0,0.07419298393426084,0.0,0.0,0.0,0.0,0.0,0.0,0.0,0.0,0.07973302729676775,0.0,0.0,0.0,0.0,0.06255684983272436,0.22282204877966685,0.0,0.0,0.0,0.0,0.0,0.12392875763469276,0.0,0.04980905127686377,0.0,0.0,0.07688602093090956,0.0,0.0,0.0,0.2632137135011442,0.0,0.11727768565238687,0.09309500196079804,0.0,0.21232623412575186,0.0,0.0,0.0,0.0,0.1594660545935355,0.0,0.0,0.0,0.0,0.0,0.11727768565238687,0.0,0.0,0.41376341096731517,0.10141580742979521,0.0,0.0,0.12392875763469276,0.0,0.0,0.0,0.0,0.31878531221395595,0.0,0.0,0.0,0.0,0.0
030.txt,0.0,0.08990232307386344,0.0,0.07150612682328444,0.0,0.39112039145381133,0.281941290809977,0.0,0.0,0.0,0.0,0.0,0.0,0.0,0.0,0.0,0.0,0.07880085633001234,0.2769435764881266,0.0,0.0,0.09297998060075538,0.0,0.08695567011608919,0.0,0.11949679162751756,0.0,0.0,0.0,0.0,0.0,0.0,0.0,0.0,0.07150612682328444,0.0,0.0,0.11083100951397327,0.0,0.0,0.0,0.0,0.0,0.0,0.0,0.0,0.0,0.0,0.0,0.0,0.0,0.0,0.1548642604294005,0.0,0.0,0.2389935832550351,0.0,0.0,0.0,0.06923589412203165,0.0,0.0,0.0,0.0,0.0,0.0,0.0,0.0,0.0,0.0,0.0,0.14756953092267253,0.18293699972455546,0.3093906096534782,0.0,0.0,0.11083100951397327,0.1722642395771962,0.1722642395771962,0.0,0.0,0.0,0.0,0.0,0.0,0.0,0.0,0.0,0.0,0.0,0.0,0.3445284791543924,0.0,0.0,0.44311998639404687,0.0,0.0,0.0,0.0,0.0
